Company,Job Title,Link,Description
PIT.at GmbH,IT-Vertriebsmitarbeiter:in (m/w/d),https://www.karriere.at/jobs/7137586,No description available
ANEXIA Internetdienstleistungs GmbH,IT Procurement Manager (m/w/d),https://www.karriere.at/jobs/7107448,No description available
Europ Assistance Gesellschaft m.b.H.,IT Service Manager DWH BI Reporting (w/m/d),https://www.karriere.at/jobs/7128460,No description available
Czepl & Partner Steuer - und Unternehmensberatungs GmbH & Co KG,IT-Spezialist:in / EDV-Betreuer:in (m/w/d),https://www.karriere.at/jobs/7159138,No description available
Grüne Erde GmbH,IT System-Administrator (m/w/d),https://www.karriere.at/jobs/7129273,No description available
Siemens Healthcare Diagnostics GmbH,IT System Administrator,https://www.karriere.at/jobs/7145428,No description available
KERN engineering careers GmbH,IT System Administrator - Backup und Virtualisierung (w/m/d),https://www.karriere.at/jobs/7122883,No description available
Wiener Wohnen Hausbetreuung GmbH,Senior IT-System-Administrator*in,https://www.karriere.at/jobs/7144888,No description available
Vega International Car Transport and Logistic Trading GmbH,IT System Administrator:in,https://www.karriere.at/jobs/7138936,No description available
Jungbunzlauer Austria AG,System Administrator*in IT,https://www.karriere.at/jobs/7121320,No description available
Högl Der Kassenprofi,IT Techniker; EDV Allrounder (m/w/d),https://www.karriere.at/jobs/7117552,No description available
Merkur Versicherung AG,IT System Administrator (w/m/d),https://www.karriere.at/jobs/7074106,No description available
Antares-NetlogiX Netzwerkberatung GmbH,Senior IT System Administrator (m/w/d),https://www.karriere.at/jobs/7127995,No description available
Gesundheitszentrum für Selbständige,IT Help Desk Mitarbeiter*in,https://www.karriere.at/jobs/7095220,No description available
Vega International Car Transport and Logistic Trading GmbH,IT System Administrator (m/w/d),https://www.karriere.at/jobs/7108510,No description available
my-PV GmbH,IT-System-Administrator(m/d/w),https://www.karriere.at/jobs/7141636,No description available
Rübig Holding GmbH,IT Techniker / System Administrator (m/w/d),https://www.karriere.at/jobs/7025131,No description available
Grüne Erde GmbH,Senior IT System-Administrator (m/w/d) und Teamleiter,https://www.karriere.at/jobs/7107331,No description available
PIT.at GmbH,IT-Vertriebsmitarbeiter:in (m/w/d),https://www.karriere.at/jobs/7137586,No description available
ANEXIA Internetdienstleistungs GmbH,IT Procurement Manager (m/w/d),https://www.karriere.at/jobs/7107448,No description available
Europ Assistance Gesellschaft m.b.H.,IT Service Manager DWH BI Reporting (w/m/d),https://www.karriere.at/jobs/7128460,No description available
Czepl & Partner Steuer - und Unternehmensberatungs GmbH & Co KG,IT-Spezialist:in / EDV-Betreuer:in (m/w/d),https://www.karriere.at/jobs/7159138,No description available
Grüne Erde GmbH,IT System-Administrator (m/w/d),https://www.karriere.at/jobs/7129273,No description available
Siemens Healthcare Diagnostics GmbH,IT System Administrator,https://www.karriere.at/jobs/7145428,No description available
KERN engineering careers GmbH,IT System Administrator - Backup und Virtualisierung (w/m/d),https://www.karriere.at/jobs/7122883,No description available
Wiener Wohnen Hausbetreuung GmbH,Senior IT-System-Administrator*in,https://www.karriere.at/jobs/7144888,No description available
Vega International Car Transport and Logistic Trading GmbH,IT System Administrator:in,https://www.karriere.at/jobs/7138936,No description available
Jungbunzlauer Austria AG,System Administrator*in IT,https://www.karriere.at/jobs/7121320,No description available
Högl Der Kassenprofi,IT Techniker; EDV Allrounder (m/w/d),https://www.karriere.at/jobs/7117552,No description available
Merkur Versicherung AG,IT System Administrator (w/m/d),https://www.karriere.at/jobs/7074106,No description available
Antares-NetlogiX Netzwerkberatung GmbH,Senior IT System Administrator (m/w/d),https://www.karriere.at/jobs/7127995,No description available
Gesundheitszentrum für Selbständige,IT Help Desk Mitarbeiter*in,https://www.karriere.at/jobs/7095220,No description available
Vega International Car Transport and Logistic Trading GmbH,IT System Administrator (m/w/d),https://www.karriere.at/jobs/7108510,No description available
my-PV GmbH,IT-System-Administrator(m/d/w),https://www.karriere.at/jobs/7141636,No description available
Rübig Holding GmbH,IT Techniker / System Administrator (m/w/d),https://www.karriere.at/jobs/7025131,No description available
Grüne Erde GmbH,Senior IT System-Administrator (m/w/d) und Teamleiter,https://www.karriere.at/jobs/7107331,No description available
PIT.at GmbH,IT-Vertriebsmitarbeiter:in (m/w/d),https://www.karriere.at/jobs/7137586,No description available
ANEXIA Internetdienstleistungs GmbH,IT Procurement Manager (m/w/d),https://www.karriere.at/jobs/7107448,No description available
Europ Assistance Gesellschaft m.b.H.,IT Service Manager DWH BI Reporting (w/m/d),https://www.karriere.at/jobs/7128460,No description available
Czepl & Partner Steuer - und Unternehmensberatungs GmbH & Co KG,IT-Spezialist:in / EDV-Betreuer:in (m/w/d),https://www.karriere.at/jobs/7159138,No description available
Grüne Erde GmbH,IT System-Administrator (m/w/d),https://www.karriere.at/jobs/7129273,No description available
Siemens Healthcare Diagnostics GmbH,IT System Administrator,https://www.karriere.at/jobs/7145428,No description available
KERN engineering careers GmbH,IT System Administrator - Backup und Virtualisierung (w/m/d),https://www.karriere.at/jobs/7122883,No description available
Wiener Wohnen Hausbetreuung GmbH,Senior IT-System-Administrator*in,https://www.karriere.at/jobs/7144888,No description available
Vega International Car Transport and Logistic Trading GmbH,IT System Administrator:in,https://www.karriere.at/jobs/7138936,No description available
Jungbunzlauer Austria AG,System Administrator*in IT,https://www.karriere.at/jobs/7121320,No description available
Högl Der Kassenprofi,IT Techniker; EDV Allrounder (m/w/d),https://www.karriere.at/jobs/7117552,No description available
Merkur Versicherung AG,IT System Administrator (w/m/d),https://www.karriere.at/jobs/7074106,No description available
Antares-NetlogiX Netzwerkberatung GmbH,Senior IT System Administrator (m/w/d),https://www.karriere.at/jobs/7127995,No description available
Gesundheitszentrum für Selbständige,IT Help Desk Mitarbeiter*in,https://www.karriere.at/jobs/7095220,No description available
Vega International Car Transport and Logistic Trading GmbH,IT System Administrator (m/w/d),https://www.karriere.at/jobs/7108510,No description available
my-PV GmbH,IT-System-Administrator(m/d/w),https://www.karriere.at/jobs/7141636,No description available
Rübig Holding GmbH,IT Techniker / System Administrator (m/w/d),https://www.karriere.at/jobs/7025131,No description available
Grüne Erde GmbH,Senior IT System-Administrator (m/w/d) und Teamleiter,https://www.karriere.at/jobs/7107331,No description available
PIT.at GmbH,IT-Vertriebsmitarbeiter:in (m/w/d),https://www.karriere.at/jobs/7137586,No description available
ANEXIA Internetdienstleistungs GmbH,IT Procurement Manager (m/w/d),https://www.karriere.at/jobs/7107448,No description available
Europ Assistance Gesellschaft m.b.H.,IT Service Manager DWH BI Reporting (w/m/d),https://www.karriere.at/jobs/7128460,No description available
Czepl & Partner Steuer - und Unternehmensberatungs GmbH & Co KG,IT-Spezialist:in / EDV-Betreuer:in (m/w/d),https://www.karriere.at/jobs/7159138,No description available
Grüne Erde GmbH,IT System-Administrator (m/w/d),https://www.karriere.at/jobs/7129273,No description available
Siemens Healthcare Diagnostics GmbH,IT System Administrator,https://www.karriere.at/jobs/7145428,No description available
KERN engineering careers GmbH,IT System Administrator - Backup und Virtualisierung (w/m/d),https://www.karriere.at/jobs/7122883,No description available
Wiener Wohnen Hausbetreuung GmbH,Senior IT-System-Administrator*in,https://www.karriere.at/jobs/7144888,No description available
Vega International Car Transport and Logistic Trading GmbH,IT System Administrator:in,https://www.karriere.at/jobs/7138936,No description available
Jungbunzlauer Austria AG,System Administrator*in IT,https://www.karriere.at/jobs/7121320,No description available
Högl Der Kassenprofi,IT Techniker; EDV Allrounder (m/w/d),https://www.karriere.at/jobs/7117552,No description available
Merkur Versicherung AG,IT System Administrator (w/m/d),https://www.karriere.at/jobs/7074106,No description available
Antares-NetlogiX Netzwerkberatung GmbH,Senior IT System Administrator (m/w/d),https://www.karriere.at/jobs/7127995,No description available
Gesundheitszentrum für Selbständige,IT Help Desk Mitarbeiter*in,https://www.karriere.at/jobs/7095220,No description available
Vega International Car Transport and Logistic Trading GmbH,IT System Administrator (m/w/d),https://www.karriere.at/jobs/7108510,No description available
my-PV GmbH,IT-System-Administrator(m/d/w),https://www.karriere.at/jobs/7141636,No description available
Rübig Holding GmbH,IT Techniker / System Administrator (m/w/d),https://www.karriere.at/jobs/7025131,No description available
Grüne Erde GmbH,Senior IT System-Administrator (m/w/d) und Teamleiter,https://www.karriere.at/jobs/7107331,No description available
NTS,Systems Engineer Security - interne IT (m/w/d),https://www.karriere.at/jobs/7136659,No description available
Österreichische Post AG,IT Architekt (w/m/d),https://www.karriere.at/jobs/7106650,No description available
ANEXIA Internetdienstleistungs GmbH,IT Procurement Manager (m/w/d),https://www.karriere.at/jobs/7107448,No description available
Czepl & Partner Steuer - und Unternehmensberatungs GmbH & Co KG,IT-Spezialist:in / EDV-Betreuer:in (m/w/d),https://www.karriere.at/jobs/7159138,No description available
Grüne Erde GmbH,IT System-Administrator (m/w/d),https://www.karriere.at/jobs/7129273,No description available
Siemens Healthcare Diagnostics GmbH,IT System Administrator,https://www.karriere.at/jobs/7145428,No description available
KERN engineering careers GmbH,IT System Administrator - Backup und Virtualisierung (w/m/d),https://www.karriere.at/jobs/7122883,No description available
Wiener Wohnen Hausbetreuung GmbH,Senior IT-System-Administrator*in,https://www.karriere.at/jobs/7144888,No description available
Vega International Car Transport and Logistic Trading GmbH,IT System Administrator:in,https://www.karriere.at/jobs/7138936,No description available
Jungbunzlauer Austria AG,System Administrator*in IT,https://www.karriere.at/jobs/7121320,No description available
Högl Der Kassenprofi,IT Techniker; EDV Allrounder (m/w/d),https://www.karriere.at/jobs/7117552,No description available
Merkur Versicherung AG,IT System Administrator (w/m/d),https://www.karriere.at/jobs/7074106,No description available
Antares-NetlogiX Netzwerkberatung GmbH,Senior IT System Administrator (m/w/d),https://www.karriere.at/jobs/7127995,No description available
Gesundheitszentrum für Selbständige,IT Help Desk Mitarbeiter*in,https://www.karriere.at/jobs/7095220,No description available
Vega International Car Transport and Logistic Trading GmbH,IT System Administrator (m/w/d),https://www.karriere.at/jobs/7108510,No description available
my-PV GmbH,IT-System-Administrator(m/d/w),https://www.karriere.at/jobs/7141636,No description available
Rübig Holding GmbH,IT Techniker / System Administrator (m/w/d),https://www.karriere.at/jobs/7025131,No description available
Grüne Erde GmbH,Senior IT System-Administrator (m/w/d) und Teamleiter,https://www.karriere.at/jobs/7107331,No description available
NTS,Systems Engineer Security - interne IT (m/w/d),https://www.karriere.at/jobs/7136659,No description available
Österreichische Post AG,IT Architekt (w/m/d),https://www.karriere.at/jobs/7106650,No description available
ANEXIA Internetdienstleistungs GmbH,IT Procurement Manager (m/w/d),https://www.karriere.at/jobs/7107448,No description available
Czepl & Partner Steuer - und Unternehmensberatungs GmbH & Co KG,IT-Spezialist:in / EDV-Betreuer:in (m/w/d),https://www.karriere.at/jobs/7159138,No description available
Grüne Erde GmbH,IT System-Administrator (m/w/d),https://www.karriere.at/jobs/7129273,No description available
Siemens Healthcare Diagnostics GmbH,IT System Administrator,https://www.karriere.at/jobs/7145428,No description available
KERN engineering careers GmbH,IT System Administrator - Backup und Virtualisierung (w/m/d),https://www.karriere.at/jobs/7122883,No description available
Wiener Wohnen Hausbetreuung GmbH,Senior IT-System-Administrator*in,https://www.karriere.at/jobs/7144888,No description available
Vega International Car Transport and Logistic Trading GmbH,IT System Administrator:in,https://www.karriere.at/jobs/7138936,No description available
Jungbunzlauer Austria AG,System Administrator*in IT,https://www.karriere.at/jobs/7121320,No description available
Högl Der Kassenprofi,IT Techniker; EDV Allrounder (m/w/d),https://www.karriere.at/jobs/7117552,No description available
Merkur Versicherung AG,IT System Administrator (w/m/d),https://www.karriere.at/jobs/7074106,No description available
Antares-NetlogiX Netzwerkberatung GmbH,Senior IT System Administrator (m/w/d),https://www.karriere.at/jobs/7127995,No description available
Gesundheitszentrum für Selbständige,IT Help Desk Mitarbeiter*in,https://www.karriere.at/jobs/7095220,No description available
Vega International Car Transport and Logistic Trading GmbH,IT System Administrator (m/w/d),https://www.karriere.at/jobs/7108510,No description available
my-PV GmbH,IT-System-Administrator(m/d/w),https://www.karriere.at/jobs/7141636,No description available
Rübig Holding GmbH,IT Techniker / System Administrator (m/w/d),https://www.karriere.at/jobs/7025131,No description available
Grüne Erde GmbH,Senior IT System-Administrator (m/w/d) und Teamleiter,https://www.karriere.at/jobs/7107331,No description available
NTS,Systems Engineer Security - interne IT (m/w/d),https://www.karriere.at/jobs/7136659,No description available
Österreichische Post AG,IT Architekt (w/m/d),https://www.karriere.at/jobs/7106650,No description available
ANEXIA Internetdienstleistungs GmbH,IT Procurement Manager (m/w/d),https://www.karriere.at/jobs/7107448,No description available
Czepl & Partner Steuer - und Unternehmensberatungs GmbH & Co KG,IT-Spezialist:in / EDV-Betreuer:in (m/w/d),https://www.karriere.at/jobs/7159138,No description available
Grüne Erde GmbH,IT System-Administrator (m/w/d),https://www.karriere.at/jobs/7129273,No description available
Siemens Healthcare Diagnostics GmbH,IT System Administrator,https://www.karriere.at/jobs/7145428,No description available
KERN engineering careers GmbH,IT System Administrator - Backup und Virtualisierung (w/m/d),https://www.karriere.at/jobs/7122883,No description available
Wiener Wohnen Hausbetreuung GmbH,Senior IT-System-Administrator*in,https://www.karriere.at/jobs/7144888,No description available
Vega International Car Transport and Logistic Trading GmbH,IT System Administrator:in,https://www.karriere.at/jobs/7138936,No description available
Jungbunzlauer Austria AG,System Administrator*in IT,https://www.karriere.at/jobs/7121320,No description available
Högl Der Kassenprofi,IT Techniker; EDV Allrounder (m/w/d),https://www.karriere.at/jobs/7117552,No description available
Merkur Versicherung AG,IT System Administrator (w/m/d),https://www.karriere.at/jobs/7074106,No description available
Antares-NetlogiX Netzwerkberatung GmbH,Senior IT System Administrator (m/w/d),https://www.karriere.at/jobs/7127995,No description available
Gesundheitszentrum für Selbständige,IT Help Desk Mitarbeiter*in,https://www.karriere.at/jobs/7095220,No description available
Vega International Car Transport and Logistic Trading GmbH,IT System Administrator (m/w/d),https://www.karriere.at/jobs/7108510,No description available
my-PV GmbH,IT-System-Administrator(m/d/w),https://www.karriere.at/jobs/7141636,No description available
Rübig Holding GmbH,IT Techniker / System Administrator (m/w/d),https://www.karriere.at/jobs/7025131,No description available
Grüne Erde GmbH,Senior IT System-Administrator (m/w/d) und Teamleiter,https://www.karriere.at/jobs/7107331,No description available
NTS,Systems Engineer Security - interne IT (m/w/d),https://www.karriere.at/jobs/7136659,No description available
Österreichische Post AG,IT Architekt (w/m/d),https://www.karriere.at/jobs/7106650,No description available
ANEXIA Internetdienstleistungs GmbH,IT Procurement Manager (m/w/d),https://www.karriere.at/jobs/7107448,No description available
Czepl & Partner Steuer - und Unternehmensberatungs GmbH & Co KG,IT-Spezialist:in / EDV-Betreuer:in (m/w/d),https://www.karriere.at/jobs/7159138,No description available
Grüne Erde GmbH,IT System-Administrator (m/w/d),https://www.karriere.at/jobs/7129273,No description available
Siemens Healthcare Diagnostics GmbH,IT System Administrator,https://www.karriere.at/jobs/7145428,No description available
KERN engineering careers GmbH,IT System Administrator - Backup und Virtualisierung (w/m/d),https://www.karriere.at/jobs/7122883,No description available
Wiener Wohnen Hausbetreuung GmbH,Senior IT-System-Administrator*in,https://www.karriere.at/jobs/7144888,No description available
Vega International Car Transport and Logistic Trading GmbH,IT System Administrator:in,https://www.karriere.at/jobs/7138936,No description available
Jungbunzlauer Austria AG,System Administrator*in IT,https://www.karriere.at/jobs/7121320,No description available
Högl Der Kassenprofi,IT Techniker; EDV Allrounder (m/w/d),https://www.karriere.at/jobs/7117552,No description available
Merkur Versicherung AG,IT System Administrator (w/m/d),https://www.karriere.at/jobs/7074106,No description available
Antares-NetlogiX Netzwerkberatung GmbH,Senior IT System Administrator (m/w/d),https://www.karriere.at/jobs/7127995,No description available
Gesundheitszentrum für Selbständige,IT Help Desk Mitarbeiter*in,https://www.karriere.at/jobs/7095220,No description available
Vega International Car Transport and Logistic Trading GmbH,IT System Administrator (m/w/d),https://www.karriere.at/jobs/7108510,No description available
my-PV GmbH,IT-System-Administrator(m/d/w),https://www.karriere.at/jobs/7141636,No description available
Rübig Holding GmbH,IT Techniker / System Administrator (m/w/d),https://www.karriere.at/jobs/7025131,No description available
Grüne Erde GmbH,Senior IT System-Administrator (m/w/d) und Teamleiter,https://www.karriere.at/jobs/7107331,No description available
NTS,Systems Engineer Security - interne IT (m/w/d),https://www.karriere.at/jobs/7136659,No description available
Österreichische Post AG,IT Architekt (w/m/d),https://www.karriere.at/jobs/7106650,No description available
ANEXIA Internetdienstleistungs GmbH,IT Procurement Manager (m/w/d),https://www.karriere.at/jobs/7107448,No description available
Czepl & Partner Steuer - und Unternehmensberatungs GmbH & Co KG,IT-Spezialist:in / EDV-Betreuer:in (m/w/d),https://www.karriere.at/jobs/7159138,No description available
Grüne Erde GmbH,IT System-Administrator (m/w/d),https://www.karriere.at/jobs/7129273,No description available
Siemens Healthcare Diagnostics GmbH,IT System Administrator,https://www.karriere.at/jobs/7145428,No description available
KERN engineering careers GmbH,IT System Administrator - Backup und Virtualisierung (w/m/d),https://www.karriere.at/jobs/7122883,No description available
Wiener Wohnen Hausbetreuung GmbH,Senior IT-System-Administrator*in,https://www.karriere.at/jobs/7144888,No description available
Vega International Car Transport and Logistic Trading GmbH,IT System Administrator:in,https://www.karriere.at/jobs/7138936,No description available
Jungbunzlauer Austria AG,System Administrator*in IT,https://www.karriere.at/jobs/7121320,No description available
Högl Der Kassenprofi,IT Techniker; EDV Allrounder (m/w/d),https://www.karriere.at/jobs/7117552,No description available
Merkur Versicherung AG,IT System Administrator (w/m/d),https://www.karriere.at/jobs/7074106,No description available
Antares-NetlogiX Netzwerkberatung GmbH,Senior IT System Administrator (m/w/d),https://www.karriere.at/jobs/7127995,No description available
Gesundheitszentrum für Selbständige,IT Help Desk Mitarbeiter*in,https://www.karriere.at/jobs/7095220,No description available
Vega International Car Transport and Logistic Trading GmbH,IT System Administrator (m/w/d),https://www.karriere.at/jobs/7108510,No description available
my-PV GmbH,IT-System-Administrator(m/d/w),https://www.karriere.at/jobs/7141636,No description available
Rübig Holding GmbH,IT Techniker / System Administrator (m/w/d),https://www.karriere.at/jobs/7025131,No description available
Grüne Erde GmbH,Senior IT System-Administrator (m/w/d) und Teamleiter,https://www.karriere.at/jobs/7107331,No description available
NTS,Systems Engineer Security - interne IT (m/w/d),https://www.karriere.at/jobs/7136659,No description available
Österreichische Post AG,IT Architekt (w/m/d),https://www.karriere.at/jobs/7106650,No description available
ANEXIA Internetdienstleistungs GmbH,IT Procurement Manager (m/w/d),https://www.karriere.at/jobs/7107448,No description available
Czepl & Partner Steuer - und Unternehmensberatungs GmbH & Co KG,IT-Spezialist:in / EDV-Betreuer:in (m/w/d),https://www.karriere.at/jobs/7159138,No description available
Grüne Erde GmbH,IT System-Administrator (m/w/d),https://www.karriere.at/jobs/7129273,No description available
Siemens Healthcare Diagnostics GmbH,IT System Administrator,https://www.karriere.at/jobs/7145428,No description available
KERN engineering careers GmbH,IT System Administrator - Backup und Virtualisierung (w/m/d),https://www.karriere.at/jobs/7122883,No description available
Wiener Wohnen Hausbetreuung GmbH,Senior IT-System-Administrator*in,https://www.karriere.at/jobs/7144888,No description available
Vega International Car Transport and Logistic Trading GmbH,IT System Administrator:in,https://www.karriere.at/jobs/7138936,No description available
Jungbunzlauer Austria AG,System Administrator*in IT,https://www.karriere.at/jobs/7121320,No description available
Högl Der Kassenprofi,IT Techniker; EDV Allrounder (m/w/d),https://www.karriere.at/jobs/7117552,No description available
Merkur Versicherung AG,IT System Administrator (w/m/d),https://www.karriere.at/jobs/7074106,No description available
Antares-NetlogiX Netzwerkberatung GmbH,Senior IT System Administrator (m/w/d),https://www.karriere.at/jobs/7127995,No description available
Gesundheitszentrum für Selbständige,IT Help Desk Mitarbeiter*in,https://www.karriere.at/jobs/7095220,No description available
Vega International Car Transport and Logistic Trading GmbH,IT System Administrator (m/w/d),https://www.karriere.at/jobs/7108510,No description available
my-PV GmbH,IT-System-Administrator(m/d/w),https://www.karriere.at/jobs/7141636,No description available
Rübig Holding GmbH,IT Techniker / System Administrator (m/w/d),https://www.karriere.at/jobs/7025131,No description available
Grüne Erde GmbH,Senior IT System-Administrator (m/w/d) und Teamleiter,https://www.karriere.at/jobs/7107331,No description available
