Company,Job Title
PIT.at GmbH,IT-Vertriebsmitarbeiter:in (m/w/d)
ANEXIA Internetdienstleistungs GmbH,IT Procurement Manager (m/w/d)
Europ Assistance Gesellschaft m.b.H.,IT Service Manager DWH BI Reporting (w/m/d)
Czepl & Partner Steuer - und Unternehmensberatungs GmbH & Co KG,IT-Spezialist:in / EDV-Betreuer:in (m/w/d)
Grüne Erde GmbH,IT System-Administrator (m/w/d)
Siemens Healthcare Diagnostics GmbH,IT System Administrator
KERN engineering careers GmbH,IT System Administrator - Backup und Virtualisierung (w/m/d)
Wiener Wohnen Hausbetreuung GmbH,Senior IT-System-Administrator*in
Vega International Car Transport and Logistic Trading GmbH,IT System Administrator:in
Jungbunzlauer Austria AG,System Administrator*in IT
Högl Der Kassenprofi,IT Techniker; EDV Allrounder (m/w/d)
Merkur Versicherung AG,IT System Administrator (w/m/d)
Antares-NetlogiX Netzwerkberatung GmbH,Senior IT System Administrator (m/w/d)
Gesundheitszentrum für Selbständige,IT Help Desk Mitarbeiter*in
Vega International Car Transport and Logistic Trading GmbH,IT System Administrator (m/w/d)
my-PV GmbH,IT-System-Administrator(m/d/w)
Rübig Holding GmbH,IT Techniker / System Administrator (m/w/d)
Grüne Erde GmbH,Senior IT System-Administrator (m/w/d) und Teamleiter
PIT.at GmbH,IT-Vertriebsmitarbeiter:in (m/w/d)
ANEXIA Internetdienstleistungs GmbH,IT Procurement Manager (m/w/d)
Europ Assistance Gesellschaft m.b.H.,IT Service Manager DWH BI Reporting (w/m/d)
Czepl & Partner Steuer - und Unternehmensberatungs GmbH & Co KG,IT-Spezialist:in / EDV-Betreuer:in (m/w/d)
Grüne Erde GmbH,IT System-Administrator (m/w/d)
Siemens Healthcare Diagnostics GmbH,IT System Administrator
KERN engineering careers GmbH,IT System Administrator - Backup und Virtualisierung (w/m/d)
Wiener Wohnen Hausbetreuung GmbH,Senior IT-System-Administrator*in
Vega International Car Transport and Logistic Trading GmbH,IT System Administrator:in
Jungbunzlauer Austria AG,System Administrator*in IT
Högl Der Kassenprofi,IT Techniker; EDV Allrounder (m/w/d)
Merkur Versicherung AG,IT System Administrator (w/m/d)
Antares-NetlogiX Netzwerkberatung GmbH,Senior IT System Administrator (m/w/d)
Gesundheitszentrum für Selbständige,IT Help Desk Mitarbeiter*in
Vega International Car Transport and Logistic Trading GmbH,IT System Administrator (m/w/d)
my-PV GmbH,IT-System-Administrator(m/d/w)
Rübig Holding GmbH,IT Techniker / System Administrator (m/w/d)
Grüne Erde GmbH,Senior IT System-Administrator (m/w/d) und Teamleiter
PIT.at GmbH,IT-Vertriebsmitarbeiter:in (m/w/d)
ANEXIA Internetdienstleistungs GmbH,IT Procurement Manager (m/w/d)
Europ Assistance Gesellschaft m.b.H.,IT Service Manager DWH BI Reporting (w/m/d)
Czepl & Partner Steuer - und Unternehmensberatungs GmbH & Co KG,IT-Spezialist:in / EDV-Betreuer:in (m/w/d)
Grüne Erde GmbH,IT System-Administrator (m/w/d)
Siemens Healthcare Diagnostics GmbH,IT System Administrator
KERN engineering careers GmbH,IT System Administrator - Backup und Virtualisierung (w/m/d)
Wiener Wohnen Hausbetreuung GmbH,Senior IT-System-Administrator*in
Vega International Car Transport and Logistic Trading GmbH,IT System Administrator:in
Jungbunzlauer Austria AG,System Administrator*in IT
Högl Der Kassenprofi,IT Techniker; EDV Allrounder (m/w/d)
Merkur Versicherung AG,IT System Administrator (w/m/d)
Antares-NetlogiX Netzwerkberatung GmbH,Senior IT System Administrator (m/w/d)
Gesundheitszentrum für Selbständige,IT Help Desk Mitarbeiter*in
Vega International Car Transport and Logistic Trading GmbH,IT System Administrator (m/w/d)
my-PV GmbH,IT-System-Administrator(m/d/w)
Rübig Holding GmbH,IT Techniker / System Administrator (m/w/d)
Grüne Erde GmbH,Senior IT System-Administrator (m/w/d) und Teamleiter
PIT.at GmbH,IT-Vertriebsmitarbeiter:in (m/w/d)
ANEXIA Internetdienstleistungs GmbH,IT Procurement Manager (m/w/d)
Europ Assistance Gesellschaft m.b.H.,IT Service Manager DWH BI Reporting (w/m/d)
Czepl & Partner Steuer - und Unternehmensberatungs GmbH & Co KG,IT-Spezialist:in / EDV-Betreuer:in (m/w/d)
Grüne Erde GmbH,IT System-Administrator (m/w/d)
Siemens Healthcare Diagnostics GmbH,IT System Administrator
KERN engineering careers GmbH,IT System Administrator - Backup und Virtualisierung (w/m/d)
Wiener Wohnen Hausbetreuung GmbH,Senior IT-System-Administrator*in
Vega International Car Transport and Logistic Trading GmbH,IT System Administrator:in
Jungbunzlauer Austria AG,System Administrator*in IT
Högl Der Kassenprofi,IT Techniker; EDV Allrounder (m/w/d)
Merkur Versicherung AG,IT System Administrator (w/m/d)
Antares-NetlogiX Netzwerkberatung GmbH,Senior IT System Administrator (m/w/d)
Gesundheitszentrum für Selbständige,IT Help Desk Mitarbeiter*in
Vega International Car Transport and Logistic Trading GmbH,IT System Administrator (m/w/d)
my-PV GmbH,IT-System-Administrator(m/d/w)
Rübig Holding GmbH,IT Techniker / System Administrator (m/w/d)
Grüne Erde GmbH,Senior IT System-Administrator (m/w/d) und Teamleiter
PIT.at GmbH,IT-Vertriebsmitarbeiter:in (m/w/d)
ANEXIA Internetdienstleistungs GmbH,IT Procurement Manager (m/w/d)
Europ Assistance Gesellschaft m.b.H.,IT Service Manager DWH BI Reporting (w/m/d)
Czepl & Partner Steuer - und Unternehmensberatungs GmbH & Co KG,IT-Spezialist:in / EDV-Betreuer:in (m/w/d)
Grüne Erde GmbH,IT System-Administrator (m/w/d)
Siemens Healthcare Diagnostics GmbH,IT System Administrator
KERN engineering careers GmbH,IT System Administrator - Backup und Virtualisierung (w/m/d)
Wiener Wohnen Hausbetreuung GmbH,Senior IT-System-Administrator*in
Vega International Car Transport and Logistic Trading GmbH,IT System Administrator:in
Jungbunzlauer Austria AG,System Administrator*in IT
Högl Der Kassenprofi,IT Techniker; EDV Allrounder (m/w/d)
Merkur Versicherung AG,IT System Administrator (w/m/d)
Antares-NetlogiX Netzwerkberatung GmbH,Senior IT System Administrator (m/w/d)
Gesundheitszentrum für Selbständige,IT Help Desk Mitarbeiter*in
Vega International Car Transport and Logistic Trading GmbH,IT System Administrator (m/w/d)
my-PV GmbH,IT-System-Administrator(m/d/w)
Rübig Holding GmbH,IT Techniker / System Administrator (m/w/d)
Grüne Erde GmbH,Senior IT System-Administrator (m/w/d) und Teamleiter
PIT.at GmbH,IT-Vertriebsmitarbeiter:in (m/w/d)
ANEXIA Internetdienstleistungs GmbH,IT Procurement Manager (m/w/d)
Europ Assistance Gesellschaft m.b.H.,IT Service Manager DWH BI Reporting (w/m/d)
Czepl & Partner Steuer - und Unternehmensberatungs GmbH & Co KG,IT-Spezialist:in / EDV-Betreuer:in (m/w/d)
Grüne Erde GmbH,IT System-Administrator (m/w/d)
Siemens Healthcare Diagnostics GmbH,IT System Administrator
KERN engineering careers GmbH,IT System Administrator - Backup und Virtualisierung (w/m/d)
Wiener Wohnen Hausbetreuung GmbH,Senior IT-System-Administrator*in
Vega International Car Transport and Logistic Trading GmbH,IT System Administrator:in
Jungbunzlauer Austria AG,System Administrator*in IT
Högl Der Kassenprofi,IT Techniker; EDV Allrounder (m/w/d)
Merkur Versicherung AG,IT System Administrator (w/m/d)
Antares-NetlogiX Netzwerkberatung GmbH,Senior IT System Administrator (m/w/d)
Gesundheitszentrum für Selbständige,IT Help Desk Mitarbeiter*in
Vega International Car Transport and Logistic Trading GmbH,IT System Administrator (m/w/d)
my-PV GmbH,IT-System-Administrator(m/d/w)
Rübig Holding GmbH,IT Techniker / System Administrator (m/w/d)
Grüne Erde GmbH,Senior IT System-Administrator (m/w/d) und Teamleiter
PIT.at GmbH,IT-Vertriebsmitarbeiter:in (m/w/d)
ANEXIA Internetdienstleistungs GmbH,IT Procurement Manager (m/w/d)
Europ Assistance Gesellschaft m.b.H.,IT Service Manager DWH BI Reporting (w/m/d)
Czepl & Partner Steuer - und Unternehmensberatungs GmbH & Co KG,IT-Spezialist:in / EDV-Betreuer:in (m/w/d)
Grüne Erde GmbH,IT System-Administrator (m/w/d)
Siemens Healthcare Diagnostics GmbH,IT System Administrator
KERN engineering careers GmbH,IT System Administrator - Backup und Virtualisierung (w/m/d)
Wiener Wohnen Hausbetreuung GmbH,Senior IT-System-Administrator*in
Vega International Car Transport and Logistic Trading GmbH,IT System Administrator:in
Jungbunzlauer Austria AG,System Administrator*in IT
Högl Der Kassenprofi,IT Techniker; EDV Allrounder (m/w/d)
Merkur Versicherung AG,IT System Administrator (w/m/d)
Antares-NetlogiX Netzwerkberatung GmbH,Senior IT System Administrator (m/w/d)
Gesundheitszentrum für Selbständige,IT Help Desk Mitarbeiter*in
Vega International Car Transport and Logistic Trading GmbH,IT System Administrator (m/w/d)
my-PV GmbH,IT-System-Administrator(m/d/w)
Rübig Holding GmbH,IT Techniker / System Administrator (m/w/d)
Grüne Erde GmbH,Senior IT System-Administrator (m/w/d) und Teamleiter
PIT.at GmbH,IT-Vertriebsmitarbeiter:in (m/w/d)
ANEXIA Internetdienstleistungs GmbH,IT Procurement Manager (m/w/d)
Europ Assistance Gesellschaft m.b.H.,IT Service Manager DWH BI Reporting (w/m/d)
Czepl & Partner Steuer - und Unternehmensberatungs GmbH & Co KG,IT-Spezialist:in / EDV-Betreuer:in (m/w/d)
Grüne Erde GmbH,IT System-Administrator (m/w/d)
Siemens Healthcare Diagnostics GmbH,IT System Administrator
KERN engineering careers GmbH,IT System Administrator - Backup und Virtualisierung (w/m/d)
Wiener Wohnen Hausbetreuung GmbH,Senior IT-System-Administrator*in
Vega International Car Transport and Logistic Trading GmbH,IT System Administrator:in
Jungbunzlauer Austria AG,System Administrator*in IT
Högl Der Kassenprofi,IT Techniker; EDV Allrounder (m/w/d)
Merkur Versicherung AG,IT System Administrator (w/m/d)
Antares-NetlogiX Netzwerkberatung GmbH,Senior IT System Administrator (m/w/d)
Gesundheitszentrum für Selbständige,IT Help Desk Mitarbeiter*in
Vega International Car Transport and Logistic Trading GmbH,IT System Administrator (m/w/d)
my-PV GmbH,IT-System-Administrator(m/d/w)
Rübig Holding GmbH,IT Techniker / System Administrator (m/w/d)
Grüne Erde GmbH,Senior IT System-Administrator (m/w/d) und Teamleiter
PIT.at GmbH,IT-Vertriebsmitarbeiter:in (m/w/d)
ANEXIA Internetdienstleistungs GmbH,IT Procurement Manager (m/w/d)
Europ Assistance Gesellschaft m.b.H.,IT Service Manager DWH BI Reporting (w/m/d)
Czepl & Partner Steuer - und Unternehmensberatungs GmbH & Co KG,IT-Spezialist:in / EDV-Betreuer:in (m/w/d)
Grüne Erde GmbH,IT System-Administrator (m/w/d)
Siemens Healthcare Diagnostics GmbH,IT System Administrator
KERN engineering careers GmbH,IT System Administrator - Backup und Virtualisierung (w/m/d)
Wiener Wohnen Hausbetreuung GmbH,Senior IT-System-Administrator*in
Vega International Car Transport and Logistic Trading GmbH,IT System Administrator:in
Jungbunzlauer Austria AG,System Administrator*in IT
Högl Der Kassenprofi,IT Techniker; EDV Allrounder (m/w/d)
Merkur Versicherung AG,IT System Administrator (w/m/d)
Antares-NetlogiX Netzwerkberatung GmbH,Senior IT System Administrator (m/w/d)
Gesundheitszentrum für Selbständige,IT Help Desk Mitarbeiter*in
Vega International Car Transport and Logistic Trading GmbH,IT System Administrator (m/w/d)
my-PV GmbH,IT-System-Administrator(m/d/w)
Rübig Holding GmbH,IT Techniker / System Administrator (m/w/d)
Grüne Erde GmbH,Senior IT System-Administrator (m/w/d) und Teamleiter
PIT.at GmbH,IT-Vertriebsmitarbeiter:in (m/w/d)
ANEXIA Internetdienstleistungs GmbH,IT Procurement Manager (m/w/d)
Europ Assistance Gesellschaft m.b.H.,IT Service Manager DWH BI Reporting (w/m/d)
Czepl & Partner Steuer - und Unternehmensberatungs GmbH & Co KG,IT-Spezialist:in / EDV-Betreuer:in (m/w/d)
Grüne Erde GmbH,IT System-Administrator (m/w/d)
Siemens Healthcare Diagnostics GmbH,IT System Administrator
KERN engineering careers GmbH,IT System Administrator - Backup und Virtualisierung (w/m/d)
Wiener Wohnen Hausbetreuung GmbH,Senior IT-System-Administrator*in
Vega International Car Transport and Logistic Trading GmbH,IT System Administrator:in
Jungbunzlauer Austria AG,System Administrator*in IT
Högl Der Kassenprofi,IT Techniker; EDV Allrounder (m/w/d)
Merkur Versicherung AG,IT System Administrator (w/m/d)
Antares-NetlogiX Netzwerkberatung GmbH,Senior IT System Administrator (m/w/d)
Gesundheitszentrum für Selbständige,IT Help Desk Mitarbeiter*in
Vega International Car Transport and Logistic Trading GmbH,IT System Administrator (m/w/d)
my-PV GmbH,IT-System-Administrator(m/d/w)
Rübig Holding GmbH,IT Techniker / System Administrator (m/w/d)
Grüne Erde GmbH,Senior IT System-Administrator (m/w/d) und Teamleiter
